{
	"format_version": "1.8.0",
	"animations": {
		"animation.nightmare_bb.sitting": {
			"loop": true,
			"animation_length": 1.0417,
			"bones": {
				"Top": {
					"position": [
						0,
						0,
						0
					]
				},
				"arm2": {
					"rotation": [
						1.31845,
						-9.91358,
						-37.61435
					]
				},
				"bone2": {
					"rotation": {
						"0.0": [
							-14.87739,
							1.93597,
							-7.75279
						],
						"0.125": [
							-14.98637,
							-0.64686,
							-17.41492
						]
					}
				},
				"hand2": {
					"rotation": [
						0,
						-7.5,
						-10
					]
				},
				"Pointer": {
					"rotation": [
						-14.13272,
						5.07855,
						19.37006
					]
				},
				"Middle": {
					"rotation": [
						0,
						0,
						17.5
					]
				},
				"Pinky": {
					"rotation": [
						17.26968,
						-1.50179,
						17.43745
					]
				},
				"thumb3": {
					"rotation": [
						0,
						30,
						0
					]
				},
				"arm3": {
					"rotation": [
						0,
						0,
						30
					]
				},
				"bone3": {
					"rotation": [
						-15.89059,
						-12.43385,
						8.28504
					]
				},
				"hand3": {
					"rotation": [
						0,
						20,
						10
					]
				},
				"Pointer2": {
					"rotation": [
						-14.39472,
						-3.83114,
						-19.62973
					]
				},
				"Middle2": {
					"rotation": [
						0,
						0,
						-17.5
					]
				},
				"Pinky2": {
					"rotation": [
						16.24074,
						6.60796,
						-21.55613
					]
				},
				"thumb2": {
					"rotation": [
						0,
						-32.5,
						0
					]
				},
				"Head2": {
					"rotation": [
						27.5,
						0,
						0
					],
					"position": [
						0,
						0,
						0
					]
				},
				"body": {
					"rotation": [
						-7.5,
						0,
						0
					],
					"position": [
						0,
						3,
						-8
					]
				},
				"bone6": {
					"rotation": {
						"0.0": [
							0,
							-2160,
							0
						],
						"1.0417": [
							0,
							-2700,
							0
						]
					}
				},
				"leg2": {
					"rotation": [
						-60,
						-10,
						0
					]
				},
				"bone5": {
					"rotation": {
						"0.0": [
							70,
							0,
							0
						],
						"0.125": [
							70.1577,
							-2.55868,
							-7.05239
						]
					}
				},
				"leg": {
					"rotation": [
						-60,
						10,
						0
					],
					"position": [
						0,
						0,
						0
					]
				},
				"bone4": {
					"rotation": {
						"0.0": [
							67.5,
							0,
							0
						],
						"0.125": [
							67.57713,
							1.91134,
							4.62111
						]
					}
				},
				"bone7": {
					"position": [
						0,
						0,
						-9
					]
				}
			}
		},
		"animation.nightmare_bb.standing": {
			"loop": true,
			"bones": {
				"leg2": {
					"rotation": [
						-5,
						-25,
						0
					]
				},
				"bone5": {
					"rotation": [
						5,
						0,
						0
					]
				},
				"leg": {
					"rotation": [
						-7.5,
						25,
						0
					]
				},
				"bone4": {
					"rotation": [
						7.5,
						0,
						0
					]
				},
				"Head2": {
					"rotation": [
						7.5,
						0,
						0
					]
				},
				"Top": {
					"position": [
						0,
						-1,
						0
					]
				},
				"arm2": {
					"rotation": [
						0,
						0,
						-37.5
					]
				},
				"bone2": {
					"rotation": [
						0,
						0,
						-20
					]
				},
				"hand2": {
					"rotation": [
						0,
						0,
						-15
					]
				},
				"Pointer": {
					"rotation": [
						-14.13272,
						5.07855,
						19.37006
					]
				},
				"Middle": {
					"rotation": [
						0,
						0,
						17.5
					]
				},
				"Pinky": {
					"rotation": [
						11.59948,
						-9.57658,
						39.02504
					]
				},
				"thumb3": {
					"rotation": [
						0,
						17.5,
						0
					]
				},
				"arm3": {
					"rotation": [
						0,
						0,
						37.5
					]
				},
				"bone3": {
					"rotation": [
						0,
						0,
						22.5
					]
				},
				"hand3": {
					"rotation": [
						0,
						0,
						15
					]
				},
				"Pointer2": {
					"rotation": [
						-13.9042,
						-5.68422,
						-21.80633
					]
				},
				"Middle2": {
					"rotation": [
						0,
						0,
						-22.5
					]
				},
				"Pinky2": {
					"rotation": [
						12.0012,
						9.06524,
						-36.54514
					]
				},
				"thumb2": {
					"rotation": [
						0,
						-40,
						0
					]
				},
				"bone7": {
					"scale": 0
				}
			}
		},
		"animation.nightmare_bb.idle2": {
			"loop": true,
			"bones": {
				"leg2": {
					"rotation": [
						-5,
						-25,
						0
					]
				},
				"bone5": {
					"rotation": [
						5,
						0,
						0
					]
				},
				"leg": {
					"rotation": [
						-7.5,
						25,
						0
					]
				},
				"bone4": {
					"rotation": [
						7.5,
						0,
						0
					]
				},
				"Head2": {
					"rotation": [
						-5,
						0,
						0
					]
				},
				"Top": {
					"position": [
						0,
						0,
						0
					]
				},
				"arm2": {
					"rotation": [
						0,
						0,
						-37.5
					]
				},
				"bone2": {
					"rotation": [
						0,
						62.5,
						37.5
					]
				},
				"hand2": {
					"rotation": [
						0,
						0,
						-15
					]
				},
				"Pointer": {
					"rotation": [
						-14.13272,
						5.07855,
						19.37006
					]
				},
				"Middle": {
					"rotation": [
						0,
						0,
						17.5
					]
				},
				"Pinky": {
					"rotation": [
						11.59948,
						-9.57658,
						39.02504
					]
				},
				"thumb3": {
					"rotation": [
						0,
						17.5,
						0
					]
				},
				"arm3": {
					"rotation": [
						0,
						0,
						37.5
					]
				},
				"bone3": {
					"rotation": [
						-25.56223,
						-73.42987,
						-20.67747
					]
				},
				"hand3": {
					"rotation": [
						0,
						0,
						15
					]
				},
				"Pointer2": {
					"rotation": [
						-13.9042,
						-5.68422,
						-21.80633
					]
				},
				"Middle2": {
					"rotation": [
						0,
						0,
						-22.5
					]
				},
				"Pinky2": {
					"rotation": [
						12.0012,
						9.06524,
						-36.54514
					]
				},
				"thumb2": {
					"rotation": [
						0,
						-40,
						0
					]
				},
				"bone7": {
					"scale": 0
				},
				"bone9": {
					"rotation": [
						7.5,
						0,
						0
					]
				},
				"Bottom": {
					"rotation": [
						7.5,
						0,
						0
					]
				}
			}
		},
		"animation.nightmare_bb.idle3": {
			"loop": true,
			"bones": {
				"leg2": {
					"rotation": [
						-59.93004,
						-52.35037,
						3.77762
					]
				},
				"bone5": {
					"rotation": [
						57.5,
						0,
						0
					]
				},
				"leg": {
					"rotation": [
						-68.8639,
						39.85007,
						-2.52204
					]
				},
				"bone4": {
					"rotation": [
						67.5,
						0,
						0
					]
				},
				"Head2": {
					"rotation": [
						-17.38206,
						1.08089,
						12.45392
					]
				},
				"Top": {
					"position": [
						0,
						0,
						0
					]
				},
				"arm2": {
					"rotation": [
						0,
						0,
						-37.5
					]
				},
				"bone2": {
					"rotation": [
						0,
						62.5,
						37.5
					]
				},
				"hand2": {
					"rotation": [
						0,
						0,
						-15
					]
				},
				"Pointer": {
					"rotation": [
						-14.13272,
						5.07855,
						19.37006
					]
				},
				"Middle": {
					"rotation": [
						0,
						0,
						17.5
					]
				},
				"Pinky": {
					"rotation": [
						11.59948,
						-9.57658,
						39.02504
					]
				},
				"thumb3": {
					"rotation": [
						0,
						17.5,
						0
					]
				},
				"arm3": {
					"rotation": [
						0,
						0,
						37.5
					]
				},
				"bone3": {
					"rotation": [
						-25.56223,
						-73.42987,
						-20.67747
					]
				},
				"hand3": {
					"rotation": [
						0,
						0,
						15
					]
				},
				"Pointer2": {
					"rotation": [
						-13.9042,
						-5.68422,
						-21.80633
					]
				},
				"Middle2": {
					"rotation": [
						0,
						0,
						-22.5
					]
				},
				"Pinky2": {
					"rotation": [
						12.0012,
						9.06524,
						-36.54514
					]
				},
				"thumb2": {
					"rotation": [
						0,
						-40,
						0
					]
				},